<idynomics>
 <simulation iterate="780" time="38.99999999999992" unit="hour">
<thickness domain="biofilm" unit="um">
	<mean>45.58441558441559</mean>
	<stddev>13.094413054042821</stddev>
	<max>54.0</max>
</thickness>
<globalProductionRate>
<solute name="glucose" unit="g.hour">
0.0</solute><solute name="pressure" unit="g.hour">
0.0</solute></globalProductionRate>
<bulk name="tank">
<solute name="glucose" unit="g.L-1">0.014222</solute>
<solute name="pressure" unit="g.L-1">0.0</solute>
<uptake_rate name="glucose" unit="g.L-1.hour-1">0.0</uptake_rate>
<uptake_rate name="pressure" unit="g.L-1.hour-1">0.0</uptake_rate>
</bulk>

</simulation>
</idynomics>