<idynomics>
 <simulation iterate="140" time="6.999999999999983" unit="hour">
<thickness domain="biofilm" unit="um">
	<mean>12.72340425531915</mean>
	<stddev>3.790818289586396</stddev>
	<max>18.0</max>
</thickness>
<globalProductionRate>
<solute name="glucose" unit="g.hour">
0.0</solute><solute name="pressure" unit="g.hour">
0.0</solute></globalProductionRate>
<bulk name="tank">
<solute name="glucose" unit="g.L-1">0.014222</solute>
<solute name="pressure" unit="g.L-1">0.0</solute>
<uptake_rate name="glucose" unit="g.L-1.hour-1">0.0</uptake_rate>
<uptake_rate name="pressure" unit="g.L-1.hour-1">0.0</uptake_rate>
</bulk>

</simulation>
</idynomics>