<idynomics>
 <simulation iterate="860" time="42.999999999999694" unit="hour">
<thickness domain="biofilm" unit="um">
	<mean>44.857142857142854</mean>
	<stddev>14.121655366078487</stddev>
	<max>54.0</max>
</thickness>
<globalProductionRate>
<solute name="glucose" unit="g.hour">
0.0</solute><solute name="pressure" unit="g.hour">
0.0</solute></globalProductionRate>
<bulk name="tank">
<solute name="glucose" unit="g.L-1">0.014222</solute>
<solute name="pressure" unit="g.L-1">0.0</solute>
<uptake_rate name="glucose" unit="g.L-1.hour-1">0.0</uptake_rate>
<uptake_rate name="pressure" unit="g.L-1.hour-1">0.0</uptake_rate>
</bulk>

</simulation>
</idynomics>