<idynomics>
 <simulation iterate="1160" time="57.99999999999884" unit="hour">
<thickness domain="biofilm" unit="um">
	<mean>48.705882352941174</mean>
	<stddev>9.00826225902286</stddev>
	<max>54.0</max>
</thickness>
<globalProductionRate>
<solute name="glucose" unit="g.hour">
0.0</solute><solute name="pressure" unit="g.hour">
0.0</solute></globalProductionRate>
<bulk name="tank">
<solute name="glucose" unit="g.L-1">0.014222</solute>
<solute name="pressure" unit="g.L-1">0.0</solute>
<uptake_rate name="glucose" unit="g.L-1.hour-1">0.0</uptake_rate>
<uptake_rate name="pressure" unit="g.L-1.hour-1">0.0</uptake_rate>
</bulk>

</simulation>
</idynomics>