<idynomics>
 <simulation iterate="620" time="31.000000000000306" unit="hour">
<thickness domain="biofilm" unit="um">
	<mean>40.13861386138614</mean>
	<stddev>15.078034448531232</stddev>
	<max>54.0</max>
</thickness>
<globalProductionRate>
<solute name="glucose" unit="g.hour">
0.0</solute><solute name="pressure" unit="g.hour">
0.0</solute></globalProductionRate>
<bulk name="tank">
<solute name="glucose" unit="g.L-1">0.014222</solute>
<solute name="pressure" unit="g.L-1">0.0</solute>
<uptake_rate name="glucose" unit="g.L-1.hour-1">0.0</uptake_rate>
<uptake_rate name="pressure" unit="g.L-1.hour-1">0.0</uptake_rate>
</bulk>

</simulation>
</idynomics>